{"Step": 10000, "train_loss": -0.039056289941072464, "eval_loss": -0.03556123003363609, "_timestamp": 1719638959.107034, "_runtime": 32071.879852056503, "_step": 999, "_wandb": {"runtime": 32064}}