{"train_loss": -0.00923168659210205, "eval_loss": -0.007318767253309488, "_timestamp": 1719865529.7403507, "_runtime": 436.35390067100525, "_step": 19, "_wandb": {"runtime": 440}}