{"train_loss": -0.024000830948352814, "eval_loss": -0.019413113594055176, "_timestamp": 1719864554.4123728, "_runtime": 553.208967924118, "_step": 18, "_wandb": {"runtime": 564}}