{"train_loss": -0.1166357770562172, "eval_loss": -0.04518800973892212, "_timestamp": 1719847765.341454, "_runtime": 974.8900790214539, "_step": 24, "_wandb": {"runtime": 985}}