{"train_loss": -0.01732623390853405, "eval_loss": -0.06028681620955467, "_timestamp": 1719846748.5455837, "_runtime": 2069.27876663208, "_step": 57, "_wandb": {"runtime": 2074}}